SeqNo,Scheme,ErrorType,ErrorInjected,Detected,ExecutionTime_us
0,CRC-10,SingleBit,True,True,136
0,Checksum,SingleBit,True,True,10
0,CRC-8,SingleBit,True,True,527
0,CRC-16,SingleBit,True,True,1389
0,CRC-32,SingleBit,True,True,281
1,CRC-8,SingleBit,True,True,265
1,CRC-16,SingleBit,True,True,265
1,Checksum,SingleBit,True,True,5
1,CRC-32,SingleBit,True,True,99
1,CRC-10,SingleBit,True,True,268
2,Checksum,SingleBit,True,True,7
2,CRC-8,SingleBit,True,True,156
2,CRC-10,SingleBit,True,True,120
2,CRC-32,SingleBit,True,True,262
2,CRC-16,SingleBit,True,True,266
3,CRC-10,Clean,False,False,108
3,CRC-16,Clean,False,False,106
3,Checksum,Clean,False,False,4
3,CRC-32,Clean,False,False,268
3,CRC-8,Clean,False,False,110
4,CRC-32,Clean,False,False,138
4,CRC-16,Clean,False,False,150
4,Checksum,Clean,False,False,5
4,CRC-8,Clean,False,False,107
4,CRC-10,Clean,False,False,98
5,Checksum,Clean,False,False,10
5,CRC-10,Clean,False,False,208
5,CRC-32,Clean,False,False,108
5,CRC-8,Clean,False,False,101
5,CRC-16,Clean,False,False,257
6,Checksum,Clean,False,False,11
6,CRC-10,Clean,False,False,138
6,CRC-8,Clean,False,False,155
6,CRC-32,Clean,False,False,101
6,CRC-16,Clean,False,False,279
7,Checksum,Clean,False,False,4
7,CRC-10,Clean,False,False,278
7,CRC-32,Clean,False,False,277
7,CRC-8,Clean,False,False,262
7,CRC-16,Clean,False,False,288
8,CRC-32,SingleBit,True,True,172
8,CRC-16,SingleBit,True,True,334
8,CRC-8,SingleBit,True,True,118
8,Checksum,SingleBit,True,True,4
8,CRC-10,SingleBit,True,True,266
9,CRC-8,Clean,False,False,141
9,Checksum,Clean,False,False,4
9,CRC-32,Clean,False,False,262
9,CRC-16,Clean,False,False,107
9,CRC-10,Clean,False,False,307
0,CRC-10,DoubleBit,True,True,163
0,CRC-32,DoubleBit,True,True,99
0,Checksum,DoubleBit,True,True,4
0,CRC-8,DoubleBit,True,True,137
0,CRC-16,DoubleBit,True,True,95
1,CRC-16,Clean,False,False,125
1,CRC-10,Clean,False,False,264
1,Checksum,Clean,False,False,5
1,CRC-8,Clean,False,False,200
1,CRC-32,Clean,False,False,190
2,CRC-32,Clean,False,False,107
2,Checksum,Clean,False,False,4
2,CRC-16,Clean,False,False,120
2,CRC-10,Clean,False,False,100
2,CRC-8,Clean,False,False,95
3,CRC-16,Clean,False,False,156
3,CRC-32,Clean,False,False,137
3,Checksum,Clean,False,False,10
3,CRC-8,Clean,False,False,266
3,CRC-10,Clean,False,False,108
4,CRC-32,Clean,False,False,140
4,CRC-8,Clean,False,False,110
4,Checksum,Clean,False,False,11
4,CRC-16,Clean,False,False,261
4,CRC-10,Clean,False,False,140
5,CRC-8,DoubleBit,True,True,266
5,CRC-32,DoubleBit,True,True,148
5,CRC-16,DoubleBit,True,True,190
5,CRC-10,DoubleBit,True,True,139
5,Checksum,DoubleBit,True,True,5
6,CRC-32,DoubleBit,True,True,152
6,CRC-16,DoubleBit,True,True,265
6,CRC-10,DoubleBit,True,True,140
6,CRC-8,DoubleBit,True,True,268
6,Checksum,DoubleBit,True,True,5
7,Checksum,DoubleBit,True,True,4
7,CRC-8,DoubleBit,True,True,101
7,CRC-10,DoubleBit,True,True,100
7,CRC-16,DoubleBit,True,True,308
7,CRC-32,DoubleBit,True,True,121
8,Checksum,DoubleBit,True,True,10
8,CRC-32,DoubleBit,True,True,265
8,CRC-16,DoubleBit,True,True,265
8,CRC-10,DoubleBit,True,True,311
8,CRC-8,DoubleBit,True,True,106
9,CRC-8,DoubleBit,True,True,266
9,CRC-10,DoubleBit,True,True,265
9,CRC-32,DoubleBit,True,True,267
9,CRC-16,DoubleBit,True,True,153
9,Checksum,DoubleBit,True,True,5
0,CRC-8,Clean,False,False,201
0,Checksum,Clean,False,False,11
0,CRC-32,Clean,False,False,101
0,CRC-16,Clean,False,False,100
0,CRC-10,Clean,False,False,130
1,CRC-32,Clean,False,False,95
1,CRC-10,Clean,False,False,286
1,CRC-8,Clean,False,False,95
1,CRC-16,Clean,False,False,95
1,Checksum,Clean,False,False,4
2,CRC-16,OddErrors,True,True,111
2,CRC-10,OddErrors,True,True,139
2,CRC-8,OddErrors,True,True,269
2,CRC-32,OddErrors,True,True,100
2,Checksum,OddErrors,True,True,4
3,Checksum,Clean,False,False,4
3,CRC-16,Clean,False,False,186
3,CRC-8,Clean,False,False,102
3,CRC-32,Clean,False,False,264
3,CRC-10,Clean,False,False,266
4,CRC-32,OddErrors,True,True,187
4,CRC-8,OddErrors,True,True,100
4,CRC-10,OddErrors,True,True,264
4,CRC-16,OddErrors,True,True,137
4,Checksum,OddErrors,True,True,10
5,CRC-10,Clean,False,False,111
5,CRC-8,Clean,False,False,265
5,CRC-16,Clean,False,False,266
5,Checksum,Clean,False,False,10
5,CRC-32,Clean,False,False,109
6,CRC-10,OddErrors,True,True,163
6,CRC-32,OddErrors,True,True,276
6,Checksum,OddErrors,True,True,11
6,CRC-16,OddErrors,True,True,267
6,CRC-8,OddErrors,True,True,208
7,Checksum,Clean,False,False,4
7,CRC-10,Clean,False,False,263
7,CRC-8,Clean,False,False,266
7,CRC-16,Clean,False,False,922
7,CRC-32,Clean,False,False,262
8,CRC-10,Clean,False,False,263
8,CRC-32,Clean,False,False,266
8,CRC-8,Clean,False,False,139
8,CRC-16,Clean,False,False,137
8,Checksum,Clean,False,False,10
9,CRC-16,OddErrors,True,True,264
9,CRC-32,OddErrors,True,True,138
9,Checksum,OddErrors,True,True,5
9,CRC-8,OddErrors,True,True,99
9,CRC-10,OddErrors,True,True,188
0,CRC-10,Burst,True,True,158
0,Checksum,Burst,True,True,4
0,CRC-16,Burst,True,True,331
0,CRC-32,Burst,True,True,194
0,CRC-8,Burst,True,True,200
1,CRC-16,Burst,True,True,271
1,CRC-10,Burst,True,True,299
1,CRC-32,Burst,True,True,271
1,Checksum,Burst,True,True,11
1,CRC-8,Burst,True,True,264
2,CRC-10,Burst,True,True,266
2,CRC-8,Burst,True,True,335
2,Checksum,Burst,True,True,6
2,CRC-32,Burst,True,True,263
2,CRC-16,Burst,True,True,136
3,CRC-10,Burst,True,True,255
3,CRC-16,Burst,True,True,266
3,CRC-8,Burst,True,True,127
3,CRC-32,Burst,True,True,361
3,Checksum,Burst,True,True,3
4,CRC-16,Burst,True,True,95
4,Checksum,Burst,True,True,2
4,CRC-10,Burst,True,True,96
4,CRC-8,Burst,True,True,94
4,CRC-32,Burst,True,True,106
5,CRC-10,Clean,False,False,156
5,CRC-32,Clean,False,False,101
5,CRC-8,Clean,False,False,264
5,CRC-16,Clean,False,False,138
5,Checksum,Clean,False,False,10
6,CRC-32,Burst,True,True,209
6,CRC-8,Burst,True,True,264
6,CRC-10,Burst,True,True,311
6,Checksum,Burst,True,True,10
6,CRC-16,Burst,True,True,207
7,CRC-10,Clean,False,False,99
7,Checksum,Clean,False,False,11
7,CRC-8,Clean,False,False,263
7,CRC-32,Clean,False,False,108
7,CRC-16,Clean,False,False,293
8,Checksum,Clean,False,False,10
8,CRC-8,Clean,False,False,268
8,CRC-10,Clean,False,False,264
8,CRC-32,Clean,False,False,121
8,CRC-16,Clean,False,False,141
9,CRC-32,Clean,False,False,264
9,CRC-16,Clean,False,False,106
9,CRC-8,Clean,False,False,98
9,Checksum,Clean,False,False,11
9,CRC-10,Clean,False,False,313
0,CRC-10,Clean,False,False,99
0,CRC-16,Clean,False,False,266
0,CRC-8,Clean,False,False,263
0,CRC-32,Clean,False,False,110
0,Checksum,Clean,False,False,4
1,CRC-16,ChecksumCollision,True,True,208
1,Checksum,ChecksumCollision,True,False,4
1,CRC-8,ChecksumCollision,True,True,109
1,CRC-32,ChecksumCollision,True,True,185
1,CRC-10,ChecksumCollision,True,True,396
2,CRC-10,Clean,False,False,266
2,CRC-8,Clean,False,False,263
2,CRC-16,Clean,False,False,188
2,Checksum,Clean,False,False,4
2,CRC-32,Clean,False,False,129
3,CRC-10,ChecksumCollision,True,True,130
3,CRC-32,ChecksumCollision,True,True,135
3,CRC-16,ChecksumCollision,True,True,286
3,CRC-8,ChecksumCollision,True,True,264
3,Checksum,ChecksumCollision,True,False,6
4,CRC-8,Clean,False,False,267
4,CRC-32,Clean,False,False,121
4,CRC-16,Clean,False,False,125
4,CRC-10,Clean,False,False,124
4,Checksum,Clean,False,False,2
5,Checksum,ChecksumCollision,True,False,2
5,CRC-10,ChecksumCollision,True,True,109
5,CRC-32,ChecksumCollision,True,True,95
5,CRC-8,ChecksumCollision,True,True,93
5,CRC-16,ChecksumCollision,True,True,95
6,CRC-10,ChecksumCollision,True,True,113
6,CRC-8,ChecksumCollision,True,True,95
6,CRC-16,ChecksumCollision,True,True,94
6,CRC-32,ChecksumCollision,True,True,92
6,Checksum,ChecksumCollision,True,False,4
7,CRC-10,ChecksumCollision,True,True,107
7,Checksum,ChecksumCollision,True,False,33
7,CRC-16,ChecksumCollision,True,True,132
7,CRC-8,ChecksumCollision,True,True,309
7,CRC-32,ChecksumCollision,True,True,189
8,CRC-8,Clean,False,False,267
8,CRC-16,Clean,False,False,110
8,Checksum,Clean,False,False,6
8,CRC-10,Clean,False,False,187
8,CRC-32,Clean,False,False,190
9,Checksum,Clean,False,False,5
9,CRC-8,Clean,False,False,263
9,CRC-10,Clean,False,False,137
9,CRC-32,Clean,False,False,187
9,CRC-16,Clean,False,False,157
0,Checksum,Clean,False,False,5
0,CRC-10,Clean,False,False,95
0,CRC-32,Clean,False,False,299
0,CRC-16,Clean,False,False,367
0,CRC-8,Clean,False,False,137
1,CRC-32,WordSwap,True,True,181
1,CRC-10,WordSwap,True,True,188
1,Checksum,WordSwap,True,False,5
1,CRC-8,WordSwap,True,True,274
1,CRC-16,WordSwap,True,True,315
2,CRC-32,WordSwap,True,True,136
2,Checksum,WordSwap,True,False,6
2,CRC-16,WordSwap,True,True,156
2,CRC-8,WordSwap,True,True,266
2,CRC-10,WordSwap,True,True,139
3,CRC-8,Clean,False,False,138
3,Checksum,Clean,False,False,5
3,CRC-16,Clean,False,False,457
3,CRC-10,Clean,False,False,265
3,CRC-32,Clean,False,False,263
4,CRC-16,Clean,False,False,294
4,CRC-10,Clean,False,False,106
4,CRC-32,Clean,False,False,323
4,CRC-8,Clean,False,False,175
4,Checksum,Clean,False,False,10
5,Checksum,Clean,False,False,11
5,CRC-10,Clean,False,False,99
5,CRC-8,Clean,False,False,282
5,CRC-16,Clean,False,False,120
5,CRC-32,Clean,False,False,122
6,CRC-8,Clean,False,False,132
6,CRC-16,Clean,False,False,107
6,CRC-32,Clean,False,False,94
6,CRC-10,Clean,False,False,97
6,Checksum,Clean,False,False,2
7,CRC-32,WordSwap,True,True,94
7,CRC-8,WordSwap,True,True,95
7,Checksum,WordSwap,True,False,2
7,CRC-16,WordSwap,True,True,94
7,CRC-10,WordSwap,True,True,108
8,CRC-8,WordSwap,True,True,158
8,CRC-10,WordSwap,True,True,120
8,CRC-32,WordSwap,True,True,267
8,CRC-16,WordSwap,True,True,293
8,Checksum,WordSwap,True,False,10
9,CRC-8,Clean,False,False,269
9,Checksum,Clean,False,False,5
9,CRC-16,Clean,False,False,264
9,CRC-10,Clean,False,False,158
9,CRC-32,Clean,False,False,137
0,CRC-32,CRC8Collision,True,True,139
0,Checksum,CRC8Collision,True,True,11
0,CRC-16,CRC8Collision,True,True,100
0,CRC-8,CRC8Collision,True,False,605
0,CRC-10,CRC8Collision,True,True,264
1,CRC-8,CRC8Collision,True,False,107
1,Checksum,CRC8Collision,True,True,10
1,CRC-10,CRC8Collision,True,True,264
1,CRC-32,CRC8Collision,True,True,108
1,CRC-16,CRC8Collision,True,True,263
2,CRC-32,Clean,False,False,205
2,CRC-16,Clean,False,False,106
2,Checksum,Clean,False,False,11
2,CRC-8,Clean,False,False,150
2,CRC-10,Clean,False,False,265
3,Checksum,CRC8Collision,True,True,7
3,CRC-32,CRC8Collision,True,True,285
3,CRC-10,CRC8Collision,True,True,265
3,CRC-16,CRC8Collision,True,True,268
3,CRC-8,CRC8Collision,True,False,121
4,CRC-16,CRC8Collision,True,True,99
4,CRC-10,CRC8Collision,True,True,265
4,CRC-32,CRC8Collision,True,True,266
4,CRC-8,CRC8Collision,True,False,337
4,Checksum,CRC8Collision,True,True,7
5,CRC-10,CRC8Collision,True,True,189
5,Checksum,CRC8Collision,True,True,11
5,CRC-32,CRC8Collision,True,True,188
5,CRC-16,CRC8Collision,True,True,113
5,CRC-8,CRC8Collision,True,False,106
6,CRC-16,Clean,False,False,108
6,Checksum,Clean,False,False,11
6,CRC-10,Clean,False,False,98
6,CRC-8,Clean,False,False,347
6,CRC-32,Clean,False,False,121
7,CRC-32,CRC8Collision,True,True,98
7,CRC-10,CRC8Collision,True,True,136
7,CRC-8,CRC8Collision,True,False,95
7,CRC-16,CRC8Collision,True,True,139
7,Checksum,CRC8Collision,True,True,10
8,CRC-16,Clean,False,False,139
8,CRC-32,Clean,False,False,266
8,Checksum,Clean,False,False,7
8,CRC-8,Clean,False,False,160
8,CRC-10,Clean,False,False,137
9,Checksum,Clean,False,False,5
9,CRC-32,Clean,False,False,265
9,CRC-8,Clean,False,False,188
9,CRC-10,Clean,False,False,100
9,CRC-16,Clean,False,False,125
